{"agents":{"ie":{"browser":"IE","long_name":"Microsoft Internet Explorer","abbr":"IE","prefix":"ms","type":"desktop","usage_global":{"6":0.00608274,"7":0.00621152,"8":0.0258389,"9":0.0968957,"10":0.0258389,"11":0.943119,"5.5":0.009298},"versions":[null,null,null,null,null,null,null,null,null,null,null,null,null,null,null,null,null,null,null,null,null,null,null,null,null,null,null,null,null,null,null,null,null,null,null,null,null,null,null,null,null,null,null,null,null,null,null,null,null,null,null,null,null,null,null,null,null,null,null,null,null,null,null,null,null,null,null,null,null,null,null,null,null,null,null,null,null,null,null,null,null,"5.5","6","7","8","9","10","11",null,null,null]},"edge":{"browser":"Edge","long_name":"Microsoft Edge","abbr":"Edge","prefix":"webkit","type":"desktop","usage_global":{"12":0.008596,"13":0.004267,"14":0.008596,"15":0.008596,"16":0.008596,"17":0.034384,"18":0.133238,"79":0,"80":0.004298,"81":0.00944,"83":0.00415,"84":0.008596,"85":0.017192,"86":0.017192,"87":0.025788,"88":0.743554,"89":2.61318},"versions":[null,null,null,null,null,null,null,null,null,null,null,null,null,null,null,null,null,null,null,null,null,null,null,null,null,null,null,null,null,null,null,null,null,null,null,null,null,null,null,null,null,null,null,null,null,null,null,null,null,null,null,null,null,null,null,null,null,null,null,null,null,null,null,null,null,null,null,null,null,null,null,"12","13","14","15","16","17","18","79","80","81","83","84","85","86","87","88","89",null,null,null],"prefix_exceptions":{"12":"ms","13":"ms","14":"ms","15":"ms","16":"ms","17":"ms","18":"ms"}},"firefox":{"browser":"Firefox","long_name":"Mozilla Firefox","abbr":"FF","prefix":"moz","type":"desktop","usage_global":{"2":0.004298,"3":0.004538,"4":0.017192,"5":0.004879,"6":0.020136,"7":0.005725,"8":0.004525,"9":0.00533,"10":0.004283,"11":0.004298,"12":0.004471,"13":0.004486,"14":0.00453,"15":0.008596,"16":0.004417,"17":0.004425,"18":0.004298,"19":0.004443,"20":0.004283,"21":0.004298,"22":0.013698,"23":0.004298,"24":0.008786,"25":0.012894,"26":0.004317,"27":0.004393,"28":0.004418,"29":0.008834,"30":0.008596,"31":0.008928,"32":0.004471,"33":0.009284,"34":0.004707,"35":0.009076,"36":0.004425,"37":0.004783,"38":0.00472,"39":0.004783,"40":0.00487,"41":0.005029,"42":0.0047,"43":0.04298,"44":0.004298,"45":0.004298,"46":0.004525,"47":0.004298,"48":0.008596,"49":0.004538,"50":0.004267,"51":0.008596,"52":0.077364,"53":0.004335,"54":0.004298,"55":0.004425,"56":0.017192,"57":0.004425,"58":0.008534,"59":0.004298,"60":0.008596,"61":0.00472,"62":0.004425,"63":0.017192,"64":0.00415,"65":0.004267,"66":0.008596,"67":0.004267,"68":0.017192,"69":0.00415,"70":0.004267,"71":0.004425,"72":0.012894,"73":0.00415,"74":0.00415,"75":0.00415,"76":0.004298,"77":0.008596,"78":0.154728,"79":0.012894,"80":0.012894,"81":0.017192,"82":0.025788,"83":0.017192,"84":0.055874,"85":0.124642,"86":2.11891,"87":0.446992,"88":0.008596,"89":0,"3.5":0.008786,"3.6":0.00487},"versions":["2","3","3.5","3.6","4","5","6","7","8","9","10","11","12","13","14","15","16","17","18","19","20","21","22","23","24","25","26","27","28","29","30","31","32","33","34","35","36","37","38","39","40","41","42","43","44","45","46","47","48","49","50","51","52","53","54","55","56","57","58","59","60","61","62","63","64","65","66","67","68","69","70","71","72","73","74","75","76","77","78","79","80","81","82","83","84","85","86","87","88","89",null]},"chrome":{"browser":"Chrome","long_name":"Google Chrome","abbr":"Chr.","prefix":"webkit","type":"desktop","usage_global":{"4":0.004706,"5":0.004879,"6":0.004879,"7":0.005591,"8":0.005591,"9":0.005591,"10":0.004534,"11":0.004464,"12":0.010424,"13":0.0083,"14":0.004706,"15":0.015087,"16":0.004393,"17":0.004393,"18":0.008652,"19":0.004298,"20":0.004393,"21":0.004317,"22":0.008596,"23":0.008786,"24":0.017192,"25":0.004461,"26":0.004298,"27":0.004326,"28":0.0047,"29":0.004538,"30":0.008596,"31":0.008596,"32":0.004566,"33":0.008596,"34":0.008596,"35":0.017192,"36":0.004335,"37":0.004464,"38":0.030086,"39":0.004464,"40":0.012894,"41":0.0236,"42":0.004403,"43":0.008596,"44":0.004465,"45":0.004642,"46":0.004891,"47":0.008596,"48":0.02149,"49":0.180516,"50":0.004298,"51":0.004298,"52":0.004267,"53":0.051576,"54":0.012894,"55":0.012894,"56":0.055874,"57":0.008596,"58":0.008596,"59":0.008596,"60":0.012894,"61":0.034384,"62":0.008596,"63":0.02149,"64":0.017192,"65":0.025788,"66":0.02149,"67":0.02149,"68":0.034384,"69":0.06447,"70":0.051576,"71":0.030086,"72":0.038682,"73":0.02149,"74":0.094556,"75":0.077364,"76":0.068768,"77":0.038682,"78":0.068768,"79":0.184814,"80":0.103152,"81":0.111748,"83":0.159026,"84":0.15043,"85":0.210602,"86":0.296562,"87":0.614614,"88":9.08167,"89":15.1247,"90":0.025788,"91":0.02149,"92":0},"versions":[null,null,null,"4","5","6","7","8","9","10","11","12","13","14","15","16","17","18","19","20","21","22","23","24","25","26","27","28","29","30","31","32","33","34","35","36","37","38","39","40","41","42","43","44","45","46","47","48","49","50","51","52","53","54","55","56","57","58","59","60","61","62","63","64","65","66","67","68","69","70","71","72","73","74","75","76","77","78","79","80","81","83","84","85","86","87","88","89","90","91","92"]},"safari":{"browser":"Safari","long_name":"Safari","abbr":"Saf.","prefix":"webkit","type":"desktop","usage_global":{"4":0,"5":0.004298,"6":0.004656,"7":0.004465,"8":0.219198,"9":0.004891,"10":0.004425,"11":0.008596,"12":0.017192,"13":0.111748,"14":3.05158,"3.1":0,"3.2":0.008692,"5.1":0.103152,"6.1":0.00456,"7.1":0.004283,"9.1":0.034384,"10.1":0.025788,"11.1":0.068768,"12.1":0.111748,"13.1":0.507164,"TP":0},"versions":[null,null,null,null,null,null,null,null,null,null,null,null,null,null,null,null,null,null,null,null,null,null,null,null,null,null,null,null,null,null,null,null,null,null,null,null,null,null,null,null,null,null,null,null,null,null,null,null,null,null,null,null,null,null,null,null,null,null,null,null,null,null,null,null,null,null,null,"3.1","3.2","4","5","5.1","6","6.1","7","7.1","8","9","9.1","10","10.1","11","11.1","12","12.1","13","13.1","14","TP",null,null]},"opera":{"browser":"Opera","long_name":"Opera","abbr":"Op.","prefix":"webkit","type":"desktop","usage_global":{"9":0.0082,"11":0.016581,"12":0.004317,"15":0.00685,"16":0.00685,"17":0.00685,"18":0.005014,"19":0.006015,"20":0.004879,"21":0.006597,"22":0.006597,"23":0.013434,"24":0.006702,"25":0.006015,"26":0.005595,"27":0.004393,"28":0.008652,"29":0.004879,"30":0.004879,"31":0.004711,"32":0.005152,"33":0.005014,"34":0.009758,"35":0.004879,"36":0.008596,"37":0.004283,"38":0.004367,"39":0.004534,"40":0.004267,"41":0.004227,"42":0.004418,"43":0.004298,"44":0.004227,"45":0.004725,"46":0.004298,"47":0.008942,"48":0.004707,"49":0.004827,"50":0.004707,"51":0.004707,"52":0.004326,"53":0.008922,"54":0.014349,"55":0.004425,"56":0.00472,"57":0.004425,"58":0.004425,"60":0.00472,"62":0.004532,"63":0.004566,"64":0.02283,"65":0.00867,"66":0.004656,"67":0.004642,"68":0.004298,"69":0.00944,"70":0.00415,"71":0.004267,"72":0.004298,"73":0.326648,"9.5-9.6":0.00685,"10.0-10.1":0.004298,"10.5":0.008392,"10.6":0.004706,"11.1":0.006229,"11.5":0.004879,"11.6":0.008786,"12.1":0.00472},"versions":[null,null,null,null,null,null,null,null,null,null,null,null,null,null,null,null,null,null,null,null,"9","9.5-9.6","10.0-10.1","10.5","10.6","11","11.1","11.5","11.6","12","12.1","15","16","17","18","19","20","21","22","23","24","25","26","27","28","29","30","31","32","33","34","35","36","37","38","39","40","41","42","43","44","45","46","47","48","49","50","51","52","53","54","55","56","57","58","60","62","63","64","65","66","67","68","69","70","71","72","73",null,null,null],"prefix_exceptions":{"9":"o","11":"o","12":"o","9.5-9.6":"o","10.0-10.1":"o","10.5":"o","10.6":"o","11.1":"o","11.5":"o","11.6":"o","12.1":"o"}},"ios_saf":{"browser":"Safari on iOS","long_name":"Safari on iOS","abbr":"iOS","prefix":"webkit","type":"mobile","usage_global":{"8":0.00295413,"3.2":0,"4.0-4.1":0,"4.2-4.3":0.00295413,