{"agents":{"ie":{"browser":"IE","long_name":"Microsoft Internet Explorer","abbr":"IE","prefix":"ms","type":"desktop","usage_global":{"6":0.0131217,"7":0.00621152,"8":0.020096,"9":0.113877,"10":0.0133974,"11":0.763649,"5.5":0.009298},"versions":[null,null,null,null,null,null,null,null,null,null,null,null,null,null,null,null,null,null,null,null,null,null,null,null,null,null,null,null,null,null,null,null,null,null,null,null,null,null,null,null,null,null,null,null,null,null,null,null,null,null,null,null,null,null,null,null,null,null,null,null,null,null,null,null,null,null,null,null,null,null,null,null,null,null,null,null,null,null,null,null,null,null,null,null,null,"5.5","6","7","8","9","10","11",null,null,null]},"edge":{"browser":"Edge","long_name":"Microsoft Edge","abbr":"Edge","prefix":"webkit","type":"desktop","usage_global":{"12":0.008282,"13":0.004267,"14":0.004141,"15":0.004141,"16":0.008282,"17":0.016564,"18":0.078679,"79":0,"80":0.004298,"81":0.00944,"83":0.00415,"84":0.008282,"85":0.008282,"86":0.008282,"87":0.008282,"88":0.008282,"89":0.020705,"90":0.024846,"91":2.58398,"92":0.712252},"versions":[null,null,null,null,null,null,null,null,null,null,null,null,null,null,null,null,null,null,null,null,null,null,null,null,null,null,null,null,null,null,null,null,null,null,null,null,null,null,null,null,null,null,null,null,null,null,null,null,null,null,null,null,null,null,null,null,null,null,null,null,null,null,null,null,null,null,null,null,null,null,null,null,"12","13","14","15","16","17","18","79","80","81","83","84","85","86","87","88","89","90","91","92",null,null,null],"prefix_exceptions":{"12":"ms","13":"ms","14":"ms","15":"ms","16":"ms","17":"ms","18":"ms"}},"firefox":{"browser":"Firefox","long_name":"Mozilla Firefox","abbr":"FF","prefix":"moz","type":"desktop","usage_global":{"2":0.012813,"3":0.004271,"4":0.020705,"5":0.004879,"6":0.020136,"7":0.005725,"8":0.004525,"9":0.00533,"10":0.004283,"11":0.004141,"12":0.004471,"13":0.004486,"14":0.00453,"15":0.008542,"16":0.004417,"17":0.004425,"18":0.008542,"19":0.004443,"20":0.004283,"21":0.008542,"22":0.013698,"23":0.008542,"24":0.008786,"25":0.004141,"26":0.004317,"27":0.004393,"28":0.004418,"29":0.008834,"30":0.008542,"31":0.008928,"32":0.004471,"33":0.009284,"34":0.004707,"35":0.009076,"36":0.004425,"37":0.004783,"38":0.004271,"39":0.004783,"40":0.00487,"41":0.005029,"42":0.0047,"43":0.04141,"44":0.008282,"45":0.004141,"46":0.004525,"47":0.004141,"48":0.008282,"49":0.004538,"50":0.008282,"51":0.004141,"52":0.074538,"53":0.004335,"54":0.004141,"55":0.004141,"56":0.008282,"57":0.004425,"58":0.004141,"59":0.004141,"60":0.008282,"61":0.00472,"62":0.004425,"63":0.008282,"64":0.00415,"65":0.004267,"66":0.004141,"67":0.004267,"68":0.012423,"69":0.00415,"70":0.008282,"71":0.004425,"72":0.024846,"73":0.00415,"74":0.00415,"75":0.004141,"76":0.004298,"77":0.004141,"78":0.161499,"79":0.008282,"80":0.008282,"81":0.008282,"82":0.016564,"83":0.008282,"84":0.016564,"85":0.008282,"86":0.012423,"87":0.016564,"88":0.057974,"89":1.51146,"90":0.919302,"91":0.016564,"92":0,"93":0,"3.5":0.008786,"3.6":0.00487},"versions":["2","3","3.5","3.6","4","5","6","7","8","9","10","11","12","13","14","15","16","17","18","19","20","21","22","23","24","25","26","27","28","29","30","31","32","33","34","35","36","37","38","39","40","41","42","43","44","45","46","47","48","49","50","51","52","53","54","55","56","57","58","59","60","61","62","63","64","65","66","67","68","69","70","71","72","73","74","75","76","77","78","79","80","81","82","83","84","85","86","87","88","89","90","91","92","93",null]},"chrome":{"browser":"Chrome","long_name":"Google Chrome","abbr":"Chr.","prefix":"webkit","type":"desktop","usage_global":{"4":0.004706,"5":0.004879,"6":0.004879,"7":0.005591,"8":0.005591,"9":0.005591,"10":0.004534,"11":0.004464,"12":0.010424,"13":0.0083,"14":0.004706,"15":0.015087,"16":0.004393,"17":0.004393,"18":0.008652,"19":0.008542,"20":0.004393,"21":0.004317,"22":0.012423,"23":0.008786,"24":0.008282,"25":0.004461,"26":0.004141,"27":0.004326,"28":0.0047,"29":0.004538,"30":0.008542,"31":0.008596,"32":0.004566,"33":0.004141,"34":0.008282,"35":0.008282,"36":0.004335,"37":0.004464,"38":0.028987,"39":0.004464,"40":0.012423,"41":0.0236,"42":0.004403,"43":0.008282,"44":0.004465,"45":0.004642,"46":0.004891,"47":0.012423,"48":0.020705,"49":0.182204,"50":0.004141,"51":0.004141,"52":0.004141,"53":0.020705,"54":0.008282,"55":0.012423,"56":0.045551,"57":0.008282,"58":0.008282,"59":0.008282,"60":0.012423,"61":0.074538,"62":0.008282,"63":0.016564,"64":0.020705,"65":0.020705,"66":0.020705,"67":0.020705,"68":0.012423,"69":0.066256,"70":0.053833,"71":0.028987,"72":0.04141,"73":0.016564,"74":0.111807,"75":0.08282,"76":0.053833,"77":0.024846,"78":0.049692,"79":0.186345,"80":0.08282,"81":0.070397,"83":0.091102,"84":0.091102,"85":0.236037,"86":0.099384,"87":0.285729,"88":0.128371,"89":0.227755,"90":0.596304,"91":17.9554,"92":4.05818,"93":0.024846,"94":0.008282,"95":0},"versions":[null,null,null,null,"4","5","6","7","8","9","10","11","12","13","14","15","16","17","18","19","20","21","22","23","24","25","26","27","28","29","30","31","32","33","34","35","36","37","38","39","40","41","42","43","44","45","46","47","48","49","50","51","52","53","54","55","56","57","58","59","60","61","62","63","64","65","66","67","68","69","70","71","72","73","74","75","76","77","78","79","80","81","83","84","85","86","87","88","89","90","91","92","93","94","95"]},"safari":{"browser":"Safari","long_name":"Safari","abbr":"Saf.","prefix":"webkit","type":"desktop","usage_global":{"4":0,"5":0.008542,"6":0.004656,"7":0.004465,"8":0.004141,"9":0.004891,"10":0.004425,"11":0.008282,"12":0.012423,"13":0.078679,"14":0.654278,"15":0.012423,"3.1":0,"3.2":0.008692,"5.1":0.020705,"6.1":0.00456,"7.1":0.004283,"9.1":0.016564,"10.1":0.020705,"11.1":0.053833,"12.1":0.08282,"13.1":0.546612,"14.1":2.36037,"TP":0},"versions":[null,null,null,null,null,null,null,null,null,null,null,null,null,null,null,null,null,null,null,null,null,null,null,null,null,null,null,null,null,null,null,null,null,null,null,null,null,null,null,null,null,null,null,null,null,null,null,null,null,null,null,null,null,null,null,null,null,null,null,null,null,null,null,null,null,null,null,null,null,null,"3.1","3.2","4","5","5.1","6","6.1","7","7.1","8","9","9.1","10","10.1","11","11.1","12","12.1","13","13.1","14","14.1","15","TP",null]},"opera":{"browser":"Opera","long_name":"Opera","abbr":"Op.","prefix":"webkit","type":"desktop","usage_global":{"9":0.0082,"11":0.016581,"12":0.004317,"15":0.00685,"16":0.00685,"17":0.00685,"18":0.005014,"19":0.006015,"20":0.004879,"21":0.006597,"22":0.006597,"23":0.013434,"24":0.006702,"25":0.006015,"26":0.005595,"27":0.004393,"28":0.008652,"29":0.004879,"30":0.004879,"31":0.004141,"32":0.005152,"33":0.005014,"34":0.009758,"35":0.004879,"36":0.008282,"37":0.004283,"38":0.004367,"39":0.004534,"40":0.008282,"41":0.004227,"42":0.004418,"43":0.008542,"44":0.004227,"45":0.004725,"46":0.008282,"47":0.008942,"48":0.004707,"49":0.004827,"50":0.004707,"51":0.004707,"52":0.004326,"53":0.008922,"54":0.014349,"55":0.004425,"56":0.00472,"57":0.004425,"58":0.004425,"60":0.00472,"62":0.004532,"63":0.004566,"64":0.02283,"65":0.00867,"66":0.004656,"67":0.004642,"68":0.004298,"69":0.00944,"70":0.00415,"71":0.004271,"72":0.004298,"73":0.096692,"74":0.004201,"75":0.004141,"76":0.190486,"77":0.687406,"78":0,"9.5-9.6":0.00685,"10.0-10.1":0,"10.5":0.008392,"10.6":0.004706,"11.1":0.006229,"11.5":0.004879,"11.6":0.008786,"12.1":0.00472},