{"agents":{"ie":{"browser":"IE","abbr":"IE","prefix":"ms","type":"desktop","usage_global":{"6":0.00478465,"7":0.00478465,"8":0.100478,"9":0.157894,"10":0.0382772,"11":1.39233,"5.5":0.009298},"versions":[null,null,null,null,null,null,null,null,null,null,null,null,null,null,null,null,null,null,null,null,null,null,null,null,null,null,null,null,null,null,null,null,null,null,null,null,null,null,null,null,null,null,null,null,null,null,null,null,null,null,null,null,null,null,null,null,null,null,null,null,null,null,null,null,null,null,null,null,null,null,"5.5","6","7","8","9","10","11",null,null,null]},"edge":{"browser":"Edge","abbr":"Edge","prefix":"webkit","type":"desktop","usage_global":{"12":0.009132,"13":0.009132,"14":0.013698,"15":0.013698,"16":0.036528,"17":0.123282,"18":1.93142,"79":0,"80":0},"versions":[null,null,null,null,null,null,null,null,null,null,null,null,null,null,null,null,null,null,null,null,null,null,null,null,null,null,null,null,null,null,null,null,null,null,null,null,null,null,null,null,null,null,null,null,null,null,null,null,null,null,null,null,null,null,null,null,null,null,null,null,null,null,null,null,null,null,null,null,"12","13","14","15","16","17","18","79","80",null,null,null],"prefix_exceptions":{"12":"ms","13":"ms","14":"ms","15":"ms","16":"ms","17":"ms","18":"ms"}},"firefox":{"browser":"Firefox","abbr":"FF","prefix":"moz","type":"desktop","usage_global":{"2":0.004827,"3":0.00487,"4":0.00974,"5":0.004879,"6":0.020136,"7":0.005725,"8":0.004525,"9":0.00533,"10":0.004283,"11":0.009042,"12":0.004471,"13":0.004486,"14":0.00453,"15":0.004465,"16":0.004417,"17":0.008922,"18":0.004393,"19":0.004443,"20":0.004283,"21":0.013596,"22":0.013698,"23":0.004525,"24":0.008786,"25":0.004403,"26":0.004317,"27":0.004393,"28":0.004418,"29":0.008834,"30":0.004403,"31":0.008928,"32":0.004471,"33":0.013698,"34":0.004707,"35":0.009132,"36":0.004465,"37":0.004783,"38":0.02283,"39":0.004783,"40":0.00487,"41":0.005029,"42":0.0047,"43":0.009132,"44":0.009132,"45":0.009132,"46":0.004525,"47":0.018264,"48":0.031962,"49":0.009132,"50":0.009132,"51":0.009132,"52":0.13698,"53":0.02283,"54":0.013698,"55":0.009132,"56":0.027396,"57":0.009132,"58":0.009132,"59":0.009132,"60":0.031962,"61":0.009132,"62":0.009132,"63":0.018264,"64":0.018264,"65":0.050226,"66":0.04566,"67":0.018264,"68":0.150678,"69":0.027396,"70":0.036528,"71":0.054792,"72":2.05013,"73":1.29218,"74":0.041094,"75":0,"76":0,"3.5":0.008786,"3.6":0.00487},"versions":[null,null,"2","3","3.5","3.6","4","5","6","7","8","9","10","11","12","13","14","15","16","17","18","19","20","21","22","23","24","25","26","27","28","29","30","31","32","33","34","35","36","37","38","39","40","41","42","43","44","45","46","47","48","49","50","51","52","53","54","55","56","57","58","59","60","61","62","63","64","65","66","67","68","69","70","71","72","73","74","75","76",null]},"chrome":{"browser":"Chrome","abbr":"Chr.","prefix":"webkit","type":"desktop","usage_global":{"4":0.004706,"5":0.004879,"6":0.004879,"7":0.005591,"8":0.005591,"9":0.005591,"10":0.004534,"11":0.004464,"12":0.010424,"13":0.004566,"14":0.004706,"15":0.015087,"16":0.004393,"17":0.004393,"18":0.008652,"19":0.004418,"20":0.004393,"21":0.004317,"22":0.004566,"23":0.008786,"24":0.004566,"25":0.004461,"26":0.004566,"27":0.004326,"28":0.0047,"29":0.004461,"30":0.004403,"31":0.013698,"32":0.004566,"33":0.013698,"34":0.009132,"35":0.004566,"36":0.004566,"37":0.004464,"38":0.02283,"39":0.004464,"40":0.013698,"41":0.004566,"42":0.004403,"43":0.018264,"44":0.004465,"45":0.009132,"46":0.004566,"47":0.009132,"48":0.036528,"49":0.474864,"50":0.009132,"51":0.013698,"52":0.004403,"53":0.027396,"54":0.013698,"55":0.031962,"56":0.031962,"57":0.054792,"58":0.027396,"59":0.018264,"60":0.027396,"61":0.031962,"62":0.02283,"63":0.27396,"64":0.018264,"65":0.050226,"66":0.031962,"67":0.059358,"68":0.031962,"69":0.15981,"70":0.095886,"71":0.123282,"72":0.150678,"73":0.13698,"74":0.18264,"75":0.200904,"76":0.196338,"77":0.219168,"78":0.429204,"79":16.8622,"80":10.657,"81":0.036528,"82":0.018264,"83":0},"versions":["4","5","6","7","8","9","10","11","12","13","14","15","16","17","18","19","20","21","22","23","24","25","26","27","28","29","30","31","32","33","34","35","36","37","38","39","40","41","42","43","44","45","46","47","48","49","50","51","52","53","54","55","56","57","58","59","60","61","62","63","64","65","66","67","68","69","70","71","72","73","74","75","76","77","78","79","80","81","82","83"]},"safari":{"browser":"Safari","abbr":"Saf.","prefix":"webkit","type":"desktop","usage_global":{"4":0,"5":0.004566,"6":0.009132,"7":0.004465,"8":0.02283,"9":0.013698,"10":0.013698,"11":0.031962,"12":0.11415,"13":2.84918,"3.1":0,"3.2":0.008692,"5.1":0.09132,"6.1":0.00456,"7.1":0.004283,"9.1":0.04566,"10.1":0.09132,"11.1":0.18264,"12.1":0.38811,"TP":0},"versions":[null,null,null,null,null,null,null,null,null,null,null,null,null,null,null,null,null,null,null,null,null,null,null,null,null,null,null,null,null,null,null,null,null,null,null,null,null,null,null,null,null,null,null,null,null,null,null,null,null,null,null,null,null,null,null,null,null,null,"3.1","3.2","4","5","5.1","6","6.1","7","7.1","8","9","9.1","10","10.1","11","11.1","12","12.1","13","TP",null,null]},"opera":{"browser":"Opera","abbr":"Op.","prefix":"webkit","type":"desktop","usage_global":{"9":0.0082,"11":0.016581,"12":0.004317,"15":0.00685,"16":0.00685,"17":0.00685,"18":0.005014,"19":0.006015,"20":0.004879,"21":0.006597,"22":0.006597,"23":0.013434,"24":0.006702,"25":0.006015,"26":0.005595,"27":0.004393,"28":0.008652,"29":0.004879,"30":0.004879,"31":0.009132,"32":0.005152,"33":0.005014,"34":0.009758,"35":0.004879,"36":0.009132,"37":0.004283,"38":0.004367,"39":0.004534,"40":0.004367,"41":0.004227,"42":0.004418,"43":0.009042,"44":0.004227,"45":0.004725,"46":0.004417,"47":0.008942,"48":0.004707,"49":0.004827,"50":0.004707,"51":0.004707,"52":0.004326,"53":0.008922,"54":0.014349,"55":0.004725,"56":0.004566,"57":0.004532,"58":0.004566,"60":0.004403,"62":0.004532,"63":0.004566,"64":0.02283,"65":0.02283,"66":0.894936,"9.5-9.6":0.00685,"10.0-10.1":0,"10.5":0.008392,"10.6":0.004706,"11.1":0.006229,"11.5":0.004879,"11.6":0.008786,"12.1":0.009132},"versions":[null,null,null,null,null,null,null,null,null,null,null,null,null,null,null,null,"9","9.5-9.6","10.0-10.1","10.5","10.6","11","11.1","11.5","11.6","12","12.1","15","16","17","18","19","20","21","22","23","24","25","26","27","28","29","30","31","32","33","34","35","36","37","38","39","40","41","42","43","44","45","46","47","48","49","50","51","52","53","54","55","56","57","58","60","62","63","64","65","66",null,null,null],"prefix_exceptions":{"9":"o","11":"o","12":"o","9.5-9.6":"o","10.0-10.1":"o","10.5":"o","10.6":"o","11.1":"o","11.5":"o","11.6":"o","12.1":"o"}},"ios_saf":{"browser":"iOS Safari","abbr":"iOS","prefix":"webkit","type":"mobile","usage_global":{"8":0,"3.2":0.0012907,"4.0-4.1":0.0012907,"4.2-4.3":0.0012907,"5.0-5.1":0.00903488,"6.0-6.1":0.00645349,"7.0-7.1":0.0141977,"8.1-8.4":0.0245233,"9.0-9.2":0.0154884,"9.3":0.165209,"10.0-10.2":0.0503372,"10.3":0.170372,"11.0-11.2":0.13036,"11.3-11.4":0.219419,"12.0-12.1":0.317512,"12.2-12.4":1.65596,"13.0-13.1":0.555,"13.2":0.247814,"13.3":9.29302},"versions":[null,null,null,null,null,null,null,null,null,null,null,null,null,null,null,null,null,null,null,null,null,null,null,null,null,null,null,null,null,null,null,null,null,null,null,null,null,null,null,null,null,null,null,null,null,null,null,null,null,null,null,null,null,null,null,null,null,null,"3.2","4.0-4.1","4.2-4.3","5.0-5.1","6.0-6.1","7.0-7.1","8","8.1-8.4","9.0-9.2","9.3","10.0-10.2","10.3","11.0-11.2","11.3-11.4","12.0-12.1","12.2-12.4","13.0-13.1","13.2","13.3",null,null,null]},"op_mini":{"browser":"Opera Mini","abbr":"O.Mini","prefix":"o","type":"mobile","usage_global":{"all":0.895153},