{"agents":{"ie":{"browser":"IE","long_name":"Microsoft Internet Explorer","abbr":"IE","prefix":"ms","type":"desktop","usage_global":{"6":0.0131217,"7":0.00621152,"8":0.0262435,"9":0.111535,"10":0.0328044,"11":0.905401,"5.5":0.009298},"versions":[null,null,null,null,null,null,null,null,null,null,null,null,null,null,null,null,null,null,null,null,null,null,null,null,null,null,null,null,null,null,null,null,null,null,null,null,null,null,null,null,null,null,null,null,null,null,null,null,null,null,null,null,null,null,null,null,null,null,null,null,null,null,null,null,null,null,null,null,null,null,null,null,null,null,null,null,null,null,null,null,null,null,"5.5","6","7","8","9","10","11",null,null,null]},"edge":{"browser":"Edge","long_name":"Microsoft Edge","abbr":"Edge","prefix":"webkit","type":"desktop","usage_global":{"12":0.008542,"13":0.004267,"14":0.004271,"15":0.008542,"16":0.008542,"17":0.029897,"18":0.106775,"79":0,"80":0.004298,"81":0.00944,"83":0.00415,"84":0.008542,"85":0.012813,"86":0.012813,"87":0.017084,"88":0.025626,"89":2.26363,"90":1.03358},"versions":[null,null,null,null,null,null,null,null,null,null,null,null,null,null,null,null,null,null,null,null,null,null,null,null,null,null,null,null,null,null,null,null,null,null,null,null,null,null,null,null,null,null,null,null,null,null,null,null,null,null,null,null,null,null,null,null,null,null,null,null,null,null,null,null,null,null,null,null,null,null,null,"12","13","14","15","16","17","18","79","80","81","83","84","85","86","87","88","89","90",null,null,null],"prefix_exceptions":{"12":"ms","13":"ms","14":"ms","15":"ms","16":"ms","17":"ms","18":"ms"}},"firefox":{"browser":"Firefox","long_name":"Mozilla Firefox","abbr":"FF","prefix":"moz","type":"desktop","usage_global":{"2":0.012813,"3":0.004271,"4":0.021355,"5":0.004879,"6":0.020136,"7":0.005725,"8":0.004525,"9":0.00533,"10":0.004283,"11":0.004271,"12":0.004471,"13":0.004486,"14":0.00453,"15":0.008542,"16":0.004417,"17":0.004425,"18":0.008542,"19":0.004443,"20":0.004283,"21":0.008542,"22":0.013698,"23":0.008542,"24":0.008786,"25":0.017084,"26":0.004317,"27":0.004393,"28":0.004418,"29":0.008834,"30":0.008542,"31":0.008928,"32":0.004471,"33":0.009284,"34":0.004707,"35":0.009076,"36":0.004425,"37":0.004783,"38":0.004271,"39":0.004783,"40":0.00487,"41":0.005029,"42":0.0047,"43":0.051252,"44":0.004271,"45":0.004271,"46":0.004525,"47":0.004271,"48":0.008542,"49":0.004538,"50":0.004267,"51":0.008542,"52":0.064065,"53":0.004335,"54":0.004271,"55":0.004425,"56":0.012813,"57":0.004425,"58":0.008534,"59":0.004271,"60":0.008542,"61":0.00472,"62":0.004425,"63":0.017084,"64":0.00415,"65":0.004267,"66":0.008542,"67":0.004267,"68":0.012813,"69":0.00415,"70":0.004271,"71":0.004425,"72":0.008542,"73":0.00415,"74":0.00415,"75":0.008542,"76":0.004298,"77":0.008542,"78":0.153756,"79":0.012813,"80":0.012813,"81":0.012813,"82":0.021355,"83":0.012813,"84":0.029897,"85":0.038439,"86":0.08542,"87":1.76819,"88":0.708986,"89":0.008542,"90":0,"3.5":0.008786,"3.6":0.00487},"versions":["2","3","3.5","3.6","4","5","6","7","8","9","10","11","12","13","14","15","16","17","18","19","20","21","22","23","24","25","26","27","28","29","30","31","32","33","34","35","36","37","38","39","40","41","42","43","44","45","46","47","48","49","50","51","52","53","54","55","56","57","58","59","60","61","62","63","64","65","66","67","68","69","70","71","72","73","74","75","76","77","78","79","80","81","82","83","84","85","86","87","88","89","90",null]},"chrome":{"browser":"Chrome","long_name":"Google Chrome","abbr":"Chr.","prefix":"webkit","type":"desktop","usage_global":{"4":0.004706,"5":0.004879,"6":0.004879,"7":0.005591,"8":0.005591,"9":0.005591,"10":0.004534,"11":0.004464,"12":0.010424,"13":0.0083,"14":0.004706,"15":0.015087,"16":0.004393,"17":0.004393,"18":0.008652,"19":0.008542,"20":0.004393,"21":0.004317,"22":0.008542,"23":0.008786,"24":0.025626,"25":0.004461,"26":0.004298,"27":0.004326,"28":0.0047,"29":0.004538,"30":0.008542,"31":0.008596,"32":0.004566,"33":0.012813,"34":0.008542,"35":0.025626,"36":0.004335,"37":0.004464,"38":0.025626,"39":0.004464,"40":0.012813,"41":0.0236,"42":0.004403,"43":0.008542,"44":0.004465,"45":0.004642,"46":0.004891,"47":0.008542,"48":0.021355,"49":0.200737,"50":0.004271,"51":0.004271,"52":0.004271,"53":0.055523,"54":0.012813,"55":0.017084,"56":0.064065,"57":0.008542,"58":0.012813,"59":0.008542,"60":0.012813,"61":0.089691,"62":0.008542,"63":0.021355,"64":0.012813,"65":0.021355,"66":0.021355,"67":0.04271,"68":0.04271,"69":0.068336,"70":0.051252,"71":0.025626,"72":0.046981,"73":0.021355,"74":0.119588,"75":0.093962,"76":0.064065,"77":0.034168,"78":0.081149,"79":0.175111,"80":0.102504,"81":0.081149,"83":0.166569,"84":0.136672,"85":0.205008,"86":0.230634,"87":0.431371,"88":0.743154,"89":16.8235,"90":6.40223,"91":0.021355,"92":0.012813,"93":0},"versions":[null,null,null,"4","5","6","7","8","9","10","11","12","13","14","15","16","17","18","19","20","21","22","23","24","25","26","27","28","29","30","31","32","33","34","35","36","37","38","39","40","41","42","43","44","45","46","47","48","49","50","51","52","53","54","55","56","57","58","59","60","61","62","63","64","65","66","67","68","69","70","71","72","73","74","75","76","77","78","79","80","81","83","84","85","86","87","88","89","90","91","92","93"]},"safari":{"browser":"Safari","long_name":"Safari","abbr":"Saf.","prefix":"webkit","type":"desktop","usage_global":{"4":0,"5":0.008542,"6":0.004656,"7":0.004465,"8":0.234905,"9":0.004891,"10":0.004425,"11":0.008542,"12":0.012813,"13":0.098233,"14":2.95126,"3.1":0,"3.2":0.008692,"5.1":0.106775,"6.1":0.00456,"7.1":0.004283,"9.1":0.034168,"10.1":0.021355,"11.1":0.064065,"12.1":0.098233,"13.1":0.439913,"14.1":0.055523,"TP":0},"versions":[null,null,null,null,null,null,null,null,null,null,null,null,null,null,null,null,null,null,null,null,null,null,null,null,null,null,null,null,null,null,null,null,null,null,null,null,null,null,null,null,null,null,null,null,null,null,null,null,null,null,null,null,null,null,null,null,null,null,null,null,null,null,null,null,null,null,null,"3.1","3.2","4","5","5.1","6","6.1","7","7.1","8","9","9.1","10","10.1","11","11.1","12","12.1","13","13.1","14","14.1","TP",null,null]},"opera":{"browser":"Opera","long_name":"Opera","abbr":"Op.","prefix":"webkit","type":"desktop","usage_global":{"9":0.0082,"11":0.016581,"12":0.004317,"15":0.00685,"16":0.00685,"17":0.00685,"18":0.005014,"19":0.006015,"20":0.004879,"21":0.006597,"22":0.006597,"23":0.013434,"24":0.006702,"25":0.006015,"26":0.005595,"27":0.004393,"28":0.008652,"29":0.004879,"30":0.004879,"31":0.004711,"32":0.005152,"33":0.005014,"34":0.009758,"35":0.004879,"36":0.008542,"37":0.004283,"38":0.004367,"39":0.004534,"40":0.004271,"41":0.004227,"42":0.004418,"43":0.008542,"44":0.004227,"45":0.004725,"46":0.004271,"47":0.008942,"48":0.004707,"49":0.004827,"50":0.004707,"51":0.004707,"52":0.004326,"53":0.008922,"54":0.014349,"55":0.004425,"56":0.00472,"57":0.004425,"58":0.004425,"60":0.00472,"62":0.004532,"63":0.004566,"64":0.02283,"65":0.00867,"66":0.004656,"67":0.004642,"68":0.004298,"69":0.00944,"70":0.00415,"71":0.004271,"72":0.004298,"73":0.324596,"74":0.153756,"75":0.516791,"9.5-9.6":0.00685,"10.0-10.1":0.008542,"10.5":0.008392,"10.6":0.004706,"11.1":0.006229,"11.5":0.004879,"11.6":0.008786,"12.1":0.00472},"versions":[null,null,null,null,null,null,null,null,null,null,null,null,null,null,null,null,null,null,null,"9","9.5-9.6","10.0-10.1","10.5","10.6","11","11.1","11.5","11.6","12","12.1","15","16","17","18","19","20","21","22","23","24","25","26","27","28","29","30","31","32","33","34","35","36","37","38","39","40","41","42","43","44","45","46","47","48","49","50","51","52","53","54","55","56","57","58","60","62","63","64","65","66","67","68","69","70","71","72","73","74","75",null,null,null],"prefix_exceptions":{"9":"o","11":"o","12":"o","9.5-9.6":"o","10.0-10.1":"o","10.5":"o","10.6":"o","11.1":"o","11.5":"o","11.6":"o","12.1":"o"}},"ios_saf":{"browser":"Safari on iOS",